己喊,虐,个公霸,唱捞
咯己,124.6,23,8技
咯己,118.4,23.7,8技
咯己,133.6,31.4,8技
咯己,123.2,25.9,8技
咯己,129.4,34.5,8技
咯己,132.8,26,8技
咯己,113.8,20,8技
咯己,115.8,19,8技
咯己,123.6,28.8,8技
咯己,127.8,24.9,8技
咯己,127.7,32,8技
咯己,116.8,21.3,8技
咯己,117,21.2,8技
巢己,123.4,28.4,8技
巢己,124.9,29.5,8技
巢己,126.8,27.9,8技
巢己,138.2,29.8,8技
巢己,118.8,21.7,8技
巢己,122.8,22.9,8技
巢己,125.3,23.7,8技
巢己,111.9,21.4,8技
巢己,130.1,23.8,8技
巢己,124.9,27.4,8技
巢己,129.4,30,8技
巢己,118.5,23.4,8技
巢己,128.7,30.5,8技
巢己,132.8,39.2,8技
巢己,127.4,27.2,8技
巢己,128,24.3,8技
咯己,125.4,32,8技
咯己,133.6,33,8技
咯己,123,26,8技
咯己,122.4,31,8技
咯己,130,28,8技
咯己,116.7,26,8技
咯己,123.4,24.5,8技
咯己,121.7,31,8技
咯己,123.9,25,8技
咯己,117.1,20,8技
咯己,118.3,27,8技
巢己,127.9,36,8技
巢己,122.3,31,8技
巢己,127.6,42.5,8技
巢己,117.6,22,8技
巢己,129.4,41,8技
巢己,123.1,23,8技
巢己,124.9,28,8技
巢己,122.6,32,8技
巢己,125,28,8技
巢己,125.7,33,8技
巢己,117.3,26,8技
巢己,130.4,42,8技
巢己,123.4,32,8技
巢己,124.7,24,8技
咯己,124.1,27,8技
咯己,127,24,8技
咯己,142.1,48.1,8技
咯己,127.7,30.9,8技
咯己,115.7,18,8技
咯己,126,24.6,8技
咯己,134.3,34.1,8技
咯己,128.6,25.6,8技
咯己,123.4,29.4,8技
咯己,119.7,26.7,8技
咯己,119.7,23.3,8技
咯己,121,29.7,8技
咯己,125.6,33.5,8技
咯己,131.7,33.4,8技
咯己,125,30.2,8技
巢己,126.5,25,8技
巢己,127.3,25,8技
巢己,130,40,8技
巢己,123.1,31.2,8技
巢己,122.9,41.6,8技
巢己,131,45,8技
巢己,123.6,23.6,8技
巢己,127.5,25.7,8技
巢己,121.1,28.8,8技
巢己,121.1,22.8,8技
巢己,127,32.5,8技
巢己,118,22.4,8技
巢己,127,24.4,8技
巢己,121.7,28.4,8技
咯己,126.3,23.6,8技
咯己,127.4,23.8,8技
咯己,129.7,25.6,8技
咯己,123.4,28.6,8技
咯己,117.5,23.2,8技
咯己,126,26.3,8技
咯己,115.9,19.9,8技
咯己,120.6,24.4,8技
咯己,133.1,34.6,8技
咯己,129.3,30.5,8技
咯己,119.4,23.6,8技
咯己,128.5,28.1,8技
巢己,126.3,24.3,8技
巢己,125.1,26.8,8技
巢己,128.5,38.7,8技
巢己,124.4,24.7,8技
巢己,122,24.1,8技
巢己,130.8,33.4,8技
巢己,119.7,21.8,8技
巢己,121.1,24.3,8技
巢己,126.9,31,8技
巢己,122.7,27.8,8技
巢己,128.2,30,8技
巢己,117.4,22,8技
巢己,120,24,8技
巢己,123.1,31.1,8技
巢己,120,25.1,8技
咯己,134.2,28.5,9技
咯己,129.3,26,9技
咯己,132.2,26.8,9技
咯己,130.7,36.5,9技
咯己,140.6,47.8,9技
咯己,121.4,25,9技
咯己,127.9,27,9技
咯己,133.3,30.5,9技
咯己,127.7,28.5,9技
咯己,130.7,25.6,9技
咯己,123.4,25.1,9技
咯己,125.4,27.7,9技
咯己,129.9,31,9技
巢己,128.4,21.7,9技
巢己,127.4,30,9技
巢己,121.5,21,9技
巢己,129.2,25.5,9技
巢己,141.1,34.2,9技
巢己,128.7,24.5,9技
巢己,143,38.5,9技
巢己,133.5,32.6,9技
巢己,130.6,35.8,9技
巢己,132.1,25.5,9技
巢己,125.4,21.4,9技
巢己,124.8,22.8,9技
巢己,122.9,22.4,9技
巢己,132.9,28.8,9技
咯己,126.5,28,9技
咯己,125.3,24,9技
咯己,139,39.3,9技
咯己,133.6,36,9技
咯己,126.2,22.3,9技
咯己,130.5,32.3,9技
咯己,124.3,23,9技
咯己,128.6,29.4,9技
咯己,123.5,24.7,9技
咯己,128.5,40.3,9技
咯己,127.1,26.8,9技
巢己,130.4,28,9技
巢己,135.6,30.9,9技
巢己,140.5,56.7,9技
巢己,130.8,41.4,9技
巢己,134.5,39.7,9技
巢己,129.5,26,9技
巢己,133.5,35.6,9技
巢己,133.1,47.3,9技
巢己,128.3,28.1,9技
巢己,122.6,23.5,9技
巢己,126.6,23,9技
巢己,131.8,33.3,9技
巢己,134.5,46.8,9技
巢己,136.5,30.1,9技
巢己,124.4,20.7,9技
咯己,133.7,28.6,9技
咯己,127.4,26.1,9技
咯己,132.4,35.9,9技
咯己,133.3,34.9,9技
咯己,139.1,46.1,9技
咯己,131.4,29.4,9技
咯己,130.4,35.8,9技
咯己,132.6,29.4,9技
咯己,124.1,21.7,9技
咯己,133.7,45.2,9技
咯己,125.9,26.8,9技
巢己,128.6,23.9,9技
巢己,132.5,33.5,9技
巢己,139.7,38.4,9技
巢己,128.9,27.1,9技
巢己,139.9,46.7,9技
巢己,120,24.6,9技
巢己,129.7,31.6,9技
巢己,123.7,22.8,9技
巢己,137.7,43,9技
巢己,119.4,24.5,9技
巢己,131.9,35.9,9技
巢己,126.2,26.1,9技
巢己,130.7,23.1,9技
巢己,130,42.7,9技
咯己,124,23.8,9技
咯己,127.9,25.4,9技
咯己,127.6,32.4,9技
咯己,122.6,27.1,9技
咯己,126.9,27,9技
咯己,124.1,37.5,9技
咯己,135.3,40.3,9技
咯己,133.4,32.3,9技
咯己,132.7,27.6,9技
咯己,133.5,46.5,9技
咯己,126.6,27.5,9技
咯己,130.4,34.5,9技
巢己,143.4,55,9技
巢己,128.4,29.5,9技
巢己,136.4,32,9技
巢己,131.8,25.8,9技
巢己,134.2,43,9技
巢己,137.3,48,9技
巢己,131.7,25.2,9技
巢己,121.1,23,9技
巢己,128,30.1,9技
巢己,130.1,33.1,9技
巢己,123.7,35.7,9技
巢己,129.3,26.3,9技
巢己,135.6,54.6,9技
巢己,128,38.4,9技
巢己,120,23,9技
咯己,139.5,44.8,9技
咯己,130.5,37.5,9技
咯己,139.2,53.2,9技
咯己,138.3,29.5,9技
咯己,122.1,23,9技
咯己,128.6,32.8,9技
咯己,129.3,31.3,9技
咯己,129.9,27,9技
咯己,141.4,43.5,9技
咯己,133.1,36.3,9技
咯己,141.7,47.4,9技
巢己,131.8,31.9,9技
巢己,131.4,29,9技
巢己,128.7,31.9,9技
巢己,128.3,34.4,9技
巢己,126.9,24.9,9技
巢己,133.4,35.1,9技
巢己,130.4,31.7,9技
巢己,133.7,29.1,9技
巢己,126.9,29.6,9技
巢己,130.6,31.7,9技
巢己,130.7,28.5,9技
巢己,119.8,22.8,9技
巢己,141.2,46.9,9技
咯己,123.3,22.6,9技
咯己,133,26,10技
咯己,137.8,36.45,10技
咯己,130.4,26.8,10技
咯己,138.6,38.95,10技
咯己,138.9,40.2,10技
咯己,145.3,45,10技
咯己,141.7,35.85,10技
咯己,139.3,30.75,10技
咯己,129.7,31.4,10技
咯己,129.8,33.45,10技
咯己,135.8,34.55,10技
咯己,143.9,31.25,10技
咯己,137.4,39.3,10技
咯己,131.4,27.25,10技
咯己,133.2,27.2,10技
巢己,147.6,54.4,10技
巢己,140.5,58.25,10技
巢己,140.8,32.5,10技
巢己,141.5,46.85,10技
巢己,143,40.1,10技
巢己,130.4,27.35,10技
巢己,145.3,34.7,10技
巢己,140.1,32.1,10技
巢己,134.4,36.6,10技
巢己,129.3,28.85,10技
巢己,142.8,39.55,10技
巢己,136.8,34.85,10技
咯己,135.2,30.4,10技
咯己,136.9,26.6,10技
咯己,132.3,31.2,10技
咯己,139,38.75,10技
咯己,128.8,27.85,10技
咯己,147.4,46.4,10技
咯己,143.8,44.8,10技
咯己,138,33,10技
咯己,142,39.4,10技
咯己,132.1,27.3,10技
咯己,127.5,25.35,10技
咯己,126.3,24.15,10技
咯己,137.7,41.55,10技
咯己,133.4,35.55,10技
巢己,140.7,62.85,10技
巢己,135,32.55,10技
巢己,137.2,41.75,10技
巢己,139.6,34.75,10技
巢己,131.7,32.9,10技
巢己,130.9,23.85,10技
巢己,126,24.35,10技
巢己,152.5,44,10技
巢己,140.5,47,10技
巢己,137.1,40.6,10技
巢己,131.5,28.6,10技
巢己,139.8,38.75,10技
咯己,137,40.1,10技
咯己,142.5,49.7,10技
咯己,128.8,25.9,10技
咯己,139.2,42.2,10技
咯己,141.4,40.3,10技
咯己,137.1,29,10技
咯己,147.7,62.1,10技
咯己,138.4,39.5,10技
咯己,138.4,34.5,10技
咯己,140.4,43.9,10技
咯己,126.7,28.7,10技
咯己,135,34.1,10技
咯己,130.7,32,10技
巢己,134.1,30.1,10技
巢己,148.5,49.2,10技
巢己,134.7,29.3,10技
巢己,138.4,33.7,10技
巢己,132.8,30.2,10技
巢己,138.8,40.1,10技
巢己,135.8,30.5,10技
巢己,132,27.4,10技
巢己,135.2,34.5,10技
巢己,133.4,30.1,10技
巢己,137,48.3,10技
巢己,138.9,29.6,10技
咯己,132.5,29,10技
咯己,138,36.9,10技
咯己,138.7,31.9,10技
咯己,139.6,35.2,10技
咯己,134.2,39.1,10技
咯己,138.4,33,10技
咯己,126.1,21.8,10技
咯己,127.3,28.3,10技
咯己,129.5,28,10技
咯己,142.4,40.2,10技
咯己,131.5,34.3,10技
咯己,134.9,32.25,10技
咯己,129.6,24.6,10技
咯己,135.5,42.3,10技
巢己,135,28.5,10技
巢己,135.2,27.2,10技
巢己,132,27.8,10技
巢己,144.1,41.25,10技
巢己,134.8,32.15,10技
巢己,131.6,29.15,10技
巢己,128.5,27.25,10技
巢己,147.7,37.5,10技
巢己,141.2,42.5,10技
巢己,139.2,41.8,10技
巢己,127.6,26.1,10技
巢己,131.3,28.8,10技
咯己,127.1,22.8,10技
咯己,141.6,44.2,11技
咯己,141.7,40.9,11技
咯己,139.3,36.6,11技
咯己,143.3,40.4,11技
咯己,138.1,37.5,11技
咯己,145.1,30.3,11技
咯己,132.7,34.9,11技
咯己,136.7,36,11技
咯己,146.6,41.2,11技
咯己,137,38.6,11技
咯己,131.5,30.3,11技
咯己,144.1,38.8,11技
咯己,142.5,33.3,11技
咯己,141,42.9,11技
咯己,135,27.8,11技
巢己,136.9,36.7,11技
巢己,139.9,33.5,11技
巢己,142.9,39.1,11技
巢己,139.3,33.9,11技
巢己,148.7,55.7,11技
巢己,145.2,57.1,11技
巢己,138.6,33.2,11技
巢己,130.7,28.3,11技
巢己,136.2,32.3,11技
巢己,139.7,36,11技
巢己,147.8,52,11技
咯己,150.5,45,11技
咯己,137.1,36.7,11技
咯己,140.5,47.5,11技
咯己,145.4,48.95,11技
咯己,142.2,31.4,11技
咯己,154.2,45.9,11技
咯己,133.8,28.1,11技
咯己,143.1,56.9,11技
咯己,137,31.35,11技
咯己,147.6,50.1,11技
咯己,145,73.9,11技
咯己,151.5,45.85,11技
咯己,129.3,37.45,11技
咯己,144.2,36,11技
巢己,146.5,40.35,11技
巢己,138.7,36.1,11技
巢己,151,39.95,11技
巢己,144.9,36.7,11技
巢己,138.2,30.95,11技
巢己,146.1,32.15,11技
巢己,135.2,36.5,11技
巢己,140.5,29.95,11技
巢己,134.4,38.45,11技
巢己,150,54,11技
巢己,136,31.5,11技
巢己,135.6,33.7,11技
巢己,146.1,38,11技
巢己,138.2,29,11技
咯己,141.5,46.3,11技
咯己,132.8,27.3,11技
咯己,147,42.8,11技
咯己,146.5,53.5,11技
咯己,134.7,28.7,11技
咯己,134.7,25.4,11技
咯己,138.8,25.7,11技
咯己,146.4,52.5,11技
咯己,148.3,53.6,11技
咯己,140,39,11技
咯己,135,32,11技
咯己,143.5,41.6,11技
咯己,136,34.7,11技
咯己,146.5,44.6,11技
咯己,140.1,43,11技
巢己,130.7,27.9,11技
巢己,145.1,37.4,11技
巢己,144.5,49.6,11技
巢己,142.6,50.4,11技
巢己,149.2,60.1,11技
巢己,137,42.7,11技
巢己,136.6,45.2,11技
巢己,138,31,11技
巢己,139.4,47.7,11技
巢己,137.6,30,11技
巢己,146,39.4,11技
巢己,143.5,49.2,11技
巢己,133.5,30,11技
巢己,131.9,26,11技
咯己,146.3,44.5,11技
咯己,150.5,40.5,11技
咯己,143.9,45.5,11技
咯己,146.5,41,11技
咯己,164,71.05,11技
咯己,143.8,33.75,11技
咯己,142,36.1,11技
咯己,146.5,42.15,11技
咯己,142.4,40.6,11技
咯己,125.2,24.35,11技
咯己,139.1,38.55,11技
咯己,142.7,49.7,11技
咯己,131.8,34.6,11技
咯己,137.7,33.45,11技
巢己,143.1,34.5,11技
巢己,159.6,66.45,11技
巢己,137.2,35.4,11技
巢己,139,33.45,11技
巢己,144.3,33.75,11技
巢己,136.3,38.8,11技
巢己,143.4,39.45,11技
巢己,140.2,32.9,11技
巢己,143.7,32,11技
巢己,133.6,29.5,11技
巢己,139.2,30.7,11技
巢己,138.3,32.6,11技
巢己,136.5,37.85,11技
巢己,139.4,48.7,11技
巢己,138,28.1,11技
咯己,150,57.3,12技
咯己,150,47.2,12技
咯己,148.6,59.4,12技
咯己,146.3,37.5,12技
咯己,145.5,59.4,12技
咯己,153.3,49.5,12技
咯己,144.1,43.9,12技
咯己,148.1,40.6,12技
咯己,153.7,41.1,12技
咯己,148.9,50.75,12技
咯己,158.7,61.25,12技
咯己,151.7,38.4,12技
咯己,141.1,33.8,12技
巢己,147.8,37.8,12技
巢己,144.7,38.2,12技
巢己,131.1,26.4,12技
巢己,149,52.1,12技
巢己,144.6,35.5,12技
巢己,146.5,37.9,12技
巢己,140.6,31.9,12技
巢己,138.7,39.7,12技
巢己,139.9,44.1,12技
巢己,146.5,47.7,12技
巢己,143.4,37.4,12技
巢己,137,46.7,12技
巢己,146.2,45.3,12技
巢己,145.5,41,12技
咯己,163.7,52.3,12技
咯己,151,45.1,12技
咯己,146.4,52.5,12技
咯己,158.5,60.4,12技
咯己,143.1,33.3,12技
咯己,138.2,35.5,12技
咯己,150.2,52,12技
咯己,148.1,40.4,12技
咯己,151.4,37.6,12技
咯己,150.5,42,12技
咯己,155.6,60.3,12技
咯己,134.5,35.1,12技
咯己,151.2,36,12技
巢己,142.9,34.5,12技
巢己,150,59.5,12技
巢己,145.6,49.5,12技
巢己,156.7,46.5,12技
巢己,145.5,34.1,12技
巢己,151.7,62.3,12技
巢己,156.5,59.8,12技
巢己,146,36,12技
巢己,150.6,62.4,12技
巢己,145.5,45.5,12技
巢己,144.6,32,12技
巢己,151.1,63.7,12技
巢己,149.2,58.4,12技
巢己,136.4,28.1,12技
巢己,135.4,28.7,12技
咯己,153.5,57.5,12技
咯己,159.1,58.9,12技
咯己,139.8,44.1,12技
咯己,144.8,45.2,12技
咯己,145.1,29.4,12技
咯己,150,46.4,12技
咯己,153.6,66,12技
咯己,145.2,38,12技
咯己,146.2,38.3,12技
咯己,153.6,50.4,12技
咯己,154,38.7,12技
咯己,146.4,32.3,12技
咯己,156.8,49.5,12技
咯己,142.9,38,12技
巢己,151.4,44.7,12技
巢己,155.8,40,12技
巢己,149.6,37,12技
巢己,144.4,41.5,12技
巢己,155.2,51.15,12技
巢己,155.8,52.5,12技
巢己,154.8,64.4,12技
巢己,141.8,57.3,12技
巢己,135.7,30.7,12技
巢己,158.3,62.7,12技
巢己,150.9,66.2,12技
巢己,141.3,51.15,12技
巢己,143.1,42.3,12技
巢己,153.3,76.4,12技
咯己,142.5,41,12技
咯己,145.3,33,12技
咯己,152.4,59.4,12技
咯己,150.7,40.1,12技
咯己,152.6,39.8,12技
咯己,154,44,12技
咯己,153.3,39,12技
咯己,137.5,35.6,12技
咯己,149.9,39.8,12技
咯己,162.1,47.6,12技
咯己,136.6,46.1,12技
咯己,146.6,35.2,12技
咯己,155,72.3,12技
巢己,149.4,53.6,12技
巢己,149.3,58.7,12技
巢己,140.6,32.8,12技
巢己,158.1,62.6,12技
巢己,155.7,64.3,12技
巢己,153,46,12技
巢己,150.7,70.5,12技
巢己,141.9,32.2,12技
巢己,145.6,62.8,12技
巢己,136.6,29.9,12技
巢己,134.6,56.1,12技
巢己,145.6,39.1,12技
巢己,140.8,45.1,12技
巢己,151.6,49.9,12技
咯己,164.6,53.5,13技
咯己,151,50.8,13技
咯己,163.7,57.8,13技
咯己,165.1,67.3,13技
咯己,152.2,46.1,13技
咯己,157.9,55,13技
咯己,152.8,47.4,13技
咯己,156.6,59.9,13技
咯己,154.2,55.6,13技
咯己,156.9,48.7,13技
咯己,159.9,58.5,13技
咯己,153.5,48.4,13技
咯己,151.2,39,13技
咯己,154.6,58.9,13技
巢己,168.3,80.8,13技
巢己,165,59.3,13技
巢己,154.7,49.4,13技
巢己,146,35.3,13技
巢己,152.4,51.8,13技
巢己,156,41,13技
巢己,161.9,51.3,13技
巢己,153.7,63.3,13技
巢己,141.8,53.7,13技
巢己,162.7,72.5,13技
巢己,155.6,44.5,13技
咯己,154.6,48.5,13技
咯己,155.9,54,13技
咯己,160.8,48.4,13技
咯己,163.4,68.4,13技
咯己,151.9,47,13技
咯己,157.4,42.5,13技
咯己,153.1,49,13技
咯己,158.7,46,13技
咯己,165,61,13技
咯己,153.4,45.2,13技
咯己,158.1,41.4,13技
咯己,153.3,62,13技
咯己,156,45,13技
咯己,154.6,41.4,13技
咯己,152.9,41.4,13技
巢己,159,57.5,13技
巢己,159.6,49.7,13技
巢己,155.5,60.2,13技
巢己,166.7,65.7,13技
巢己,149,34.5,13技
巢己,144.4,40,13技
巢己,173.3,86.5,13技
巢己,163.1,44,13技
巢己,151.2,53.5,13技
巢己,141.9,50.4,13技
巢己,160.9,54.5,13技
巢己,157.8,51,13技
咯己,163.3,50,13技
咯己,141,41,13技
咯己,162.4,50,13技
咯己,158,69.5,13技
咯己,152.2,45.3,13技
咯己,154.5,47.4,13技
咯己,146,34,13技
咯己,146.6,33.1,13技
咯己,162.9,55.9,13技
咯己,142.5,31.4,13技
咯己,155.4,51,13技
咯己,143.7,33.2,13技
咯己,153.5,50.6,13技
咯己,155.2,37,13技
咯己,155.7,44,13技
巢己,153.2,53.4,13技
巢己,145,58,13技
巢己,156.8,57.1,13技
巢己,167,47.4,13技
巢己,170.1,53.2,13技
巢己,146.2,52.9,13技
巢己,162,48,13技
巢己,153,60,13技
巢己,166.6,56.1,13技
巢己,146.8,37.3,13技
巢己,154.8,67.8,13技
咯己,153.8,48.8,13技
咯己,156.1,39.8,13技
咯己,158.8,41.1,13技
咯己,156.7,53.5,13技
咯己,159.5,58,13技
咯己,155.6,48.1,13技
咯己,149.7,35.5,13技
咯己,163.1,64.8,13技
咯己,151.1,39.6,13技
咯己,147.5,48.4,13技
咯己,153.4,53.8,13技
咯己,157.6,42.2,13技
咯己,134.8,44.2,13技
咯己,156.8,49.7,13技
巢己,159.4,44.4,13技
巢己,156.2,43.2,13技
巢己,156.4,59,13技
巢己,155.1,60.7,13技
巢己,152.1,41.6,13技
巢己,160.2,58.1,13技
巢己,165.2,51.8,13技
巢己,163.5,47.2,13技
巢己,160.6,61,13技
巢己,143.7,37.7,13技
巢己,136,33.7,13技
巢己,146.2,34.6,13技
